{"loss": [1.1951439380645752, 0.953505277633667, 0.8273850679397583, 0.7377711534500122, 0.6949545741081238, 0.6547744870185852, 0.628526508808136, 0.603691816329956, 0.5714412331581116, 0.5765165686607361, 0.5576971173286438, 0.5342791080474854, 0.531245768070221, 0.5194135308265686, 0.5034137964248657, 0.49994009733200073, 0.4993918836116791, 0.4891798198223114, 0.4731888175010681, 0.4654398560523987, 0.4696405529975891], "accuracy": [0.5249923467636108, 0.6310699582099915, 0.6908276677131653, 0.7280871272087097, 0.7438664436340332, 0.7641249895095825, 0.7706403136253357, 0.7794970870018005, 0.789371907711029, 0.7954800128936768, 0.7950727939605713, 0.8072890043258667, 0.8084088563919067, 0.8112592697143555, 0.8174691796302795, 0.8196070194244385, 0.821643054485321, 0.8198106288909912, 0.8317214846611023, 0.8306016325950623, 0.8323322534561157], "val_loss": [3.385456085205078, 1.5594539642333984, 1.0207350254058838, 0.9542204141616821, 0.6156769394874573, 0.5945960879325867, 0.7529824376106262, 1.3911504745483398, 0.5082811117172241, 1.2024192810058594, 0.4532926082611084, 0.6559834480285645, 0.5820677876472473, 0.5112207531929016, 0.49851468205451965, 0.42620477080345154, 0.43613436818122864, 0.5982310771942139, 0.7171452045440674, 0.5606755614280701, 0.7854350805282593], "val_accuracy": [0.1771971434354782, 0.3919239938259125, 0.5957244634628296, 0.6380047798156738, 0.7657957077026367, 0.7695962190628052, 0.7258907556533813, 0.5824227929115295, 0.8128265738487244, 0.5995249152183533, 0.8270784020423889, 0.756769597530365, 0.7876484394073486, 0.8232778906822205, 0.7990498542785645, 0.8370546102523804, 0.8337292075157166, 0.778147280216217, 0.7553443908691406, 0.7828978896141052, 0.713539183139801]}