{"accuracy": [0.5246869325637817, 0.6266924738883972, 0.6800366640090942, 0.714954674243927, 0.7430520057678223, 0.759951114654541, 0.7684006690979004, 0.7764430642127991, 0.7825511693954468, 0.7925277352333069, 0.8004682660102844, 0.8015881180763245, 0.8126845359802246, 0.8145169615745544, 0.8188944458961487, 0.8197088241577148, 0.831925094127655, 0.826224148273468, 0.8307034373283386, 0.8316196799278259], "loss": [1.2115222215652466, 0.9772865176200867, 0.8529629707336426, 0.7688903212547302, 0.6988085508346558, 0.6756694912910461, 0.6415832042694092, 0.620959460735321, 0.60069340467453, 0.5824938416481018, 0.5639297366142273, 0.5547370314598083, 0.5337703824043274, 0.5199160575866699, 0.5020939111709595, 0.5067675113677979, 0.48090440034866333, 0.49205294251441956, 0.47837311029434204, 0.4706513285636902], "val_accuracy": [0.27648454904556274, 0.48836103081703186, 0.7439429759979248, 0.5819477438926697, 0.676009476184845, 0.6693586707115173, 0.6665083169937134, 0.7866983413696289, 0.7553443908691406, 0.775771975517273, 0.821377694606781, 0.6926366090774536, 0.6256532073020935, 0.7900237441062927, 0.6669833660125732, 0.8304038047790527, 0.816152036190033, 0.7871733903884888, 0.5961995124816895, 0.8114014267921448], "val_loss": [2.6191413402557373, 1.3500417470932007, 0.676354706287384, 0.9797343611717224, 0.9000268578529358, 0.9377219080924988, 0.8278464078903198, 0.568759560585022, 0.652764081954956, 0.5690393447875977, 0.46970808506011963, 1.0154424905776978, 1.0180307626724243, 0.5571190714836121, 0.9853014349937439, 0.4664393365383148, 0.5144587755203247, 0.6378259062767029, 1.3619089126586914, 0.48447075486183167]}