{"accuracy": [0.676982581615448, 0.7727781534194946, 0.7904917001724243, 0.8024024963378906, 0.810648500919342, 0.8155349493026733, 0.8100376725196838, 0.8209304809570312, 0.8194034695625305, 0.8220502734184265], "loss": [0.842828631401062, 0.6099548935890198, 0.5653606653213501, 0.537429690361023, 0.516577422618866, 0.5039606094360352, 0.500848650932312, 0.48385658860206604, 0.48274293541908264, 0.47764185070991516], "val_accuracy": [0.8152018785476685, 0.821377694606781, 0.8460807800292969, 0.848456084728241, 0.8470308780670166, 0.8384798169136047, 0.8536816835403442, 0.8546318411827087, 0.8574821949005127, 0.8456056714057922], "val_loss": [0.5107147097587585, 0.4811854958534241, 0.4153812825679779, 0.4146752953529358, 0.40764737129211426, 0.4251059591770172, 0.39882606267929077, 0.38420525193214417, 0.38277876377105713, 0.3976566791534424]}